fold,rouge_l_f1,text_similarity,format_score,cautious_language,safety_score
1,0.44776784029586025,0.3450103352997656,0.6607142857142857,1.0,1.0
2,0.14959103689188039,0.03955003820192083,0.5357142857142858,1.0,1.0
3,0.16964525116870094,0.02691785991921634,0.5,1.0,1.0
4,0.1402202713788649,0.08068738558202415,0.5172413793103448,1.0,1.0
5,0.14307911843982876,0.02113399015926281,0.41666666666666663,0.5,1.0
overall,0.21006070363502705,0.10265992183243795,0.5260673234811166,0.9,1.0
